Product Title,Product Price,Product Rating,Product Reviews,Seller Name,Seller Rating,Seller Followers,Seller Products
WOMAN NEW FOIL KURTI PACK OF 1,₹272,3.9,18 Reviews,CHAHAT FAB,"3.620,210 Ratings",883Followers,32Products
Stylish Women's Crepe Wine Color Ethnic Motif Printed Straight Kurti,₹180,3.7,2795 Reviews,OPPL,"3.8103,468 Ratings","2,733Followers","5,699Products"
FASHION  COTTON KURTA,₹346,3.8,646 Reviews,Bala creations,"3.86,378 Ratings",112Followers,17Products
Women's Daily Wear Crepe Fabric With Printed Straight Cut C Kurti (Combo Pack 4 Piece CREPE KURTI),₹585,3.6,3 Reviews,H D Enter,"3.64,736 Ratings",168Followers,"2,533Products"
Kurtis,₹283,3.7,3464 Reviews,saavi fashion,"3.734,787 Ratings",785Followers,10Products
"Casual American Crepe And Rasal Net Round-Neck 3/4 Length Sleeves Navy Blue Kurti (45""Inches)",₹167,3.8,667 Reviews,D_B_F,"3.9163,691 Ratings","1,847Followers","1,262Products"
Women Solid Cotton Blend Straight Kurta Combo Of 2,₹408,3.2,2 Reviews,AHIRANI FASHION,3.7993 Ratings,29Followers,23Products
DSK Studio Women's Printed Straight Kurti (Combo Pack 2 Kurta ),₹270,3.7,10079 Reviews,New Ethnic 4 You,"3.8249,346 Ratings","3,517Followers",457Products
Stylish Women Kurta,₹322,4.0,7074 Reviews,Vaid Creation,"4.055,506 Ratings","1,976Followers",13Products
Abhisarika Ensemble Kurtis,₹289,3.7,74 Reviews,SHREENA ENTERPRISE,"3.717,197 Ratings",516Followers,409Products
alisha fashionbale kurti,₹190,3.9,856 Reviews,M.K.R DESIGN,"3.88,807 Ratings",292Followers,25Products
LADYLAZ SELFIE KURTIS,₹282,3.7,735 Reviews,VIVIDH CREATIONSS,"3.836,145 Ratings","1,751Followers",215Products
Stylish Woman reyon kurti pack of 1,₹261,3.6,5 Reviews,SHREE FASHION,"3.69,210 Ratings",231Followers,26Products
Abhisarika Pretty Kurtis,₹352,3.8,5976 Reviews,Treanzo Apparel,"3.851,322 Ratings",950Followers,38Products
Ma syla garments Anarkali kurti,₹312,3.8,962 Reviews,MA SYLA GARMENTS,"3.8100,832 Ratings","2,388Followers",7Products
Trendy  Streght Cotton Kurti (204)Cream Colour,₹262,3.5,204 Reviews,Lanya Fab,"3.617,870 Ratings",386Followers,30Products
Arvi Creation Women's Cotton A-Line Kurti,₹181,3.9,1129 Reviews,ARVI CREATION 1,"3.911,658 Ratings",226Followers,6Products
women kurti,₹261,3.9,865 Reviews,RITIKA TRADERS,"3.926,426 Ratings",452Followers,58Products
PRIYA FAB Women's cotton Maternity Dress/Pregnancy Dress/Easy Breast Feeding/Breastfeeding Dress/Western Dress with Zippers for Nursing Pre and Post Pregnancy.,₹330,NA,NA,PRIYAFAB,3.8210 Ratings,8Followers,23Products
Aishani Pretty Kurtis,₹285,4.0,5302 Reviews,Shama Fashion,"4.049,657 Ratings",939Followers,48Products
Fashionable Cotton Slub Digital Print Anarkali Kurti For Women,₹283,4.0,977 Reviews,MICO CREATION,"4.011,787 Ratings",196Followers,29Products
Trendy Sensational Kurtis,₹289,3.8,160 Reviews,SHREENA ENTERPRISE,"3.717,197 Ratings",516Followers,409Products
Women's Crepe straight Kurti xxl 3xl 4xl,₹190,3.8,1626 Reviews,RITABEN HARESHBHAI BHALIYA,"3.825,045 Ratings",503Followers,24Products
Laining Heavy Digital Print Kurti,₹180,3.9,3673 Reviews,Shiv Enter,"3.7460,110 Ratings","4,905Followers",341Products
Trendy Graceful Women Dresses,₹207,3.8,34 Reviews,Deep Fashionwear,"3.76,346 Ratings",91Followers,88Products
Rangrasiya Tex New Rayon  Embroidered Plus Size Kurtis,₹315,4.1,565 Reviews,Rangrasiyatex,"4.0267,539 Ratings","4,398Followers",83Products
Abhisarika Refined Kurtis,₹249,3.9,3358 Reviews,DHRUVANSHI ENTERPRISE,"3.839,981 Ratings","1,074Followers",64Products
Aagyeyi attractive kurtis,₹282,3.8,20 Reviews,SHREENA ENTERPRISE,"3.717,197 Ratings",516Followers,409Products
eheriya Print Pink Straight Sleeveless Kurti for Girls,₹185,4.0,451 Reviews,kiyas Fashion,"3.992,509 Ratings","1,822Followers",30Products
AAIVAN Pink Kantha Pattern Kurta,₹270,4.0,5722 Reviews,AAIVAN#,"4.054,694 Ratings","4,217Followers",70Products
Women's  Abstract Printed  Kurti Fabric,₹305,4.2,25 Reviews,Unique Enterprise2022,"4.03,045 Ratings",376Followers,94Products
Fashionable Cotton Slub Dijital Print Anarkali Kurti For Women,₹303,4.0,444 Reviews,Saturn Creation,"4.06,223 Ratings",162Followers,25Products
New Embroidery Gaithering Anarkali kurta,₹342,4.0,554 Reviews,MOVIN ENTRPRISES,"4.07,595 Ratings",140Followers,8Products
New Arrival Cotton Printed Ethnic Kurti For Women With Round Neck and 3/4 Sleeves,₹261,4.1,3 Reviews,CHAHAT FAB,"3.620,210 Ratings",883Followers,32Products
women kurta,₹369,4.0,2948 Reviews,Krishna Art,"4.161,130 Ratings",959Followers,8Products
Anarkali,₹278,3.8,3813 Reviews,MA SYLA GARMENTS,"3.8100,832 Ratings","2,388Followers",7Products
Latest Grey Printed Designer Kurti,₹447,4.0,5433 Reviews,KING CREATION,"4.041,480 Ratings","5,561Followers",55Products
Beautyfull kurti for women,₹168,3.8,29 Reviews,SWASTIK DESIGNER,3.8337 Ratings,25Followers,7Products
Trending Women Fashion Kurta Combo Of 3,₹615,3.7,4 Reviews,Anadi. Enterprise,3.8672 Ratings,23Followers,16Products
Kurtis,₹250,3.8,1870 Reviews,UEA,"3.818,197 Ratings",283Followers,54Products
Aakarsha Graceful Kurtis,₹269,3.9,5994 Reviews,MA SYLA GARMENTS,"3.8100,832 Ratings","2,388Followers",7Products
Combo Pack 6 Piece CREPE KURTI For Women and Girls,₹837,3.3,1 Reviews,H D Enter,"3.64,736 Ratings",168Followers,"2,533Products"
Anarkali Kurti Latest Anarkali Kurti Chinkenkari Anarkali Jaipuri Anarkali kurti,₹317,3.7,510 Reviews,SRF Fabric,"3.810,889 Ratings",299Followers,46Products
Chitrarekha Fabulous Kurtis,₹186,3.7,1937 Reviews,krit_enterprise,"3.889,881 Ratings","1,097Followers",98Products
Women Solid Rayon Straight Kurti,₹362,4.1,107 Reviews,Doriya,"3.92,791 Ratings",112Followers,42Products
Rajasthani Bhandhej Printed Cotton Straight Kurti for Women s & Girls,₹214,3.9,3739 Reviews,kiyas Fashion,"3.992,509 Ratings","1,822Followers",30Products
Womens Cotton Kurti,₹280,4.1,1606 Reviews,PICHAWAI,"4.19,601 Ratings",293Followers,13Products
Combo Pack 6 Piece CREPE KURTI For Women and Girls,₹837,4.1,4 Reviews,H D Enter,"3.64,736 Ratings",168Followers,"2,533Products"
Ethnic Kurti,₹395,4.0,451 Reviews,Abbas Collection,"4.03,584 Ratings",123Followers,26Products
Women's Digital Printed Straight Cut Kurti(Combo Pack Of 2),₹284,3.8,20270 Reviews,Crepe wali Kurtis,"3.81,017,049 Ratings","12,895Followers",631Products
Combo Pack 4 Piece CREPE KURTI,₹668,3.6,24 Reviews,Saakhi Enterprise,"3.73,179 Ratings",101Followers,"2,270Products"
Women's Regular Fit Crepe Aline Kurti,₹179,3.7,6782 Reviews,Crepe wali Kurtis,"3.81,017,049 Ratings","12,895Followers",631Products
Women's Ethnic Wear Multi Color Straight Kurti Pack of 3,₹498,NA,NA,NANDA_DHARM,"3.8170,050 Ratings","2,196Followers",205Products
Women's Regular Fit Aline Kurti,₹171,3.6,1205 Reviews,HIVA WESTERN COLLECTION,"3.8203,586 Ratings","2,148Followers",449Products
Kurtis,₹293,4.0,636 Reviews,MANISHA ENTERPRISE'S,"4.05,526 Ratings",123Followers,11Products
Rose-Blue Crepe A-line Kurti,₹256,3.6,7 Reviews,CLASSY & MISSY,"3.99,110 Ratings",650Followers,50Products
KRISHNA WINE,₹293,3.8,319 Reviews,SAKSHI FASHIO,"3.73,280 Ratings",72Followers,12Products
Stylish Women's Crepe Pink & Red Color  Zig Zag Printed Straight Kurti,₹179,3.8,1091 Reviews,OPPL,"3.8103,468 Ratings","2,733Followers","5,699Products"
Kurti,₹520,4.1,28 Reviews,SAHAJ CORPORATION,"3.82,172 Ratings",153Followers,91Products
Myra Ensemble Kurtis with koti,₹236,3.7,6315 Reviews,GORASIYA SHOP,"3.761,439 Ratings","1,181Followers",137Products
Alisha Refined Kurtis,₹312,4.0,721 Reviews,MAVER ENTERPRISES,"4.019,170 Ratings",248Followers,28Products
Women's Crepe Digital Print Kurta and kurti With Combo (Pack Of 4),₹649,2.5,1 Reviews,ENTR_S.R,"3.85,111 Ratings",191Followers,"2,730Products"
Nirali New Trendy Women's Silk  Kurti,₹180,4.0,606 Reviews,NIRALI TEXTILES,"3.910,796 Ratings",338Followers,10Products
Women's Printed Crepe Anarkali Kurti,₹273,3.9,50997 Reviews,PLS Creations,"3.9199,176 Ratings","1,537Followers",14Products
Combo Pack 6 Piece CREPE KURTI For Women and Girls,₹814,3.8,13 Reviews,CREPE KING,"3.613,440 Ratings",684Followers,"2,668Products"
Rennede Women? Rayon Printed Anarkali Kurti,₹363,3.7,685 Reviews,Reena Handicraft,"3.832,689 Ratings","3,486Followers",63Products
HIGH DEMAND KURTI,₹368,3.8,943 Reviews,NEHA TRADERS,"3.816,229 Ratings",407Followers,15Products
Trendy Alluring Kurtis,₹665,4.1,1 Reviews,AD_TEX,3.8632 Ratings,14Followers,9Products
Women Rayon Flared Embroidered Yellow Kurti,₹382,3.7,1879 Reviews,jivika_enterprises,"3.719,327 Ratings",322Followers,49Products
Aagyeyi attractive kurtis,₹282,3.6,15 Reviews,SHREENA ENTERPRISE,"3.717,197 Ratings",516Followers,409Products
Women's Rayon Printed Long Flared Anarkali Kurtis,₹375,4.0,1891 Reviews,CLOTHING HOUSE,"4.014,127 Ratings",688Followers,5Products
new womens cottton pleated kurtis,₹318,4.0,1055 Reviews,Shree Varahi Export,"4.032,546 Ratings","1,306Followers",37Products
Alisha Sensational Kurtis,₹301,3.4,NA,ALLENINDIA,"4.011,042 Ratings",260Followers,29Products
Women's American Crepe A-Line Readymade Kurti,₹197,3.8,1879 Reviews,Bd_Fashion,"3.860,937 Ratings","1,741Followers",346Products
Aagam Sensational Kurtis,₹358,3.9,272 Reviews,shree shyam handicraft,"4.017,030 Ratings",437Followers,97Products
Combo Pack 6 Piece CREPE KURTI For Women and Girls,₹900,3.8,2 Reviews,CREPE KING,"3.613,440 Ratings",684Followers,"2,668Products"
Abhisarika Drishya Kurtis,₹340,4.1,4351 Reviews,Mani exports,"4.0134,881 Ratings","3,811Followers",55Products
Pure Cottan Superior Kurti,₹270,3.8,3386 Reviews,HINGLAAJ MATA FABRICS,"3.935,730 Ratings",823Followers,21Products
EMBROIDERY SEQUVENCE COTTON BENDED STREGHT KURTI PACK OF 2,₹490,3.8,25 Reviews,Lanya Fab,"3.617,870 Ratings",386Followers,30Products
Aagam Attractive Kurtis,₹166,3.7,2034 Reviews,Brosis Deal,"3.651,157 Ratings",924Followers,682Products
crepe kurtis,₹140,3.6,90 Reviews,NAKSH ENTERPRISE SAREES,"3.736,711 Ratings",791Followers,50Products
ComboCrepe Kurti Printed Designer Kurti - 6 Top Kurti Combo,₹900,3.5,4 Reviews,VRAJ RADHE NX,3.9433 Ratings,40Followers,"2,488Products"
Women's Embroidered Lucknowi Chikankari Kurti,₹465,3.5,2193 Reviews,RIZWAN CHIKAN HANDICRAFTS SUP,"3.556,468 Ratings","1,263Followers",63Products
Zyla kurta with short jacket.,₹280,3.9,937 Reviews,Ja Yela,"3.881,891 Ratings","2,435Followers",108Products
New Georgette Gown Collaction,₹485,4.0,261 Reviews,India Online,"3.82,786 Ratings",94Followers,727Products
"Casual American Crepe Round-Neck 3/4th Length Sleeves (45""Inches)",₹293,3.9,619 Reviews,Maheshvi,"3.9116,310 Ratings","1,392Followers","1,168Products"
Aagyeyi attractive kurtis,₹404,3.2,7 Reviews,SHREENA ENTERPRISE,"3.717,197 Ratings",516Followers,409Products
Cotton Chiken Kurti,₹308,3.9,3802 Reviews,Nida Fashions,"3.932,346 Ratings","1,138Followers",84Products
Hippon Fancy Beautiful crepe A line Kurti,₹188,3.7,1439 Reviews,Hippon Kurti,"3.714,228 Ratings",153Followers,38Products
Combo Pack 6 Piece CREPE KURTI For Women and Girls,₹837,4.0,10 Reviews,H D Enter,"3.64,736 Ratings",168Followers,"2,533Products"
Aagam Superior Kurtis,₹281,4.2,2766 Reviews,ALYTHEA CLOTHING,"4.237,619 Ratings","1,003Followers",11Products
"womens embroidery anarkali kurta, trendy kurta, bollywood kurta, flared kurta, aline kurta, festival kurta",₹318,4.1,433 Reviews,ANU TARA,"3.927,678 Ratings",225Followers,19Products
Combo Pack 6 Piece CREPE KURTI For Women and Girls,₹900,3.7,19 Reviews,CREPE KING,"3.613,440 Ratings",684Followers,"2,668Products"
Neetvi Demanding  unique cotton   striped streight pink kurti for office as well as  daily wear for summers as well as winters to enhance your dressing style and fashion needs.,₹264,4.1,2037 Reviews,SHAGUN CREATIONS_JAIPUR,"4.073,803 Ratings","4,019Followers",37Products
Aakarsha Superior Kurtis,₹496,4.2,3240 Reviews,Jai vijay Creation,"4.125,468 Ratings",389Followers,5Products
Women's  Floral Printed  Kurti Fabric,₹305,4.0,3 Reviews,Unique Enterprise2022,"4.03,045 Ratings",376Followers,94Products
rayon kurti under 300,₹199,3.9,26 Reviews,R N EXIM,"4.02,486 Ratings",44Followers,269Products
kurtis,₹191,4.0,1004 Reviews,AtoZ Mart4,"4.010,276 Ratings",110Followers,7Products
Stylish Women's Poly Crepe Digital Printed Kurti.,₹999,3.7,11 Reviews,CREPE KING,"3.613,440 Ratings",684Followers,"2,668Products"
BGS_Green_Printed_Kurti,₹273,3.9,50 Reviews,BGS FASHION,3.9555 Ratings,23Followers,19Products
Beautiful Pom-Pom embroidered Anarkali Rayon Kurti,₹434,3.9,5 Reviews,Khatushyam creation,3.789 Ratings,10Followers,99Products
Stylish Women's Crepe Yellow Color  Zig Zag Printed Straight Kurti,₹183,3.7,2776 Reviews,Saanchi fashion,"3.858,604 Ratings","1,182Followers","7,756Products"
Aagyeyi Refined Kurtis,₹307,3.9,5013 Reviews,Row Nak,"3.9211,359 Ratings","2,956Followers",17Products
Bisso Fashion- Women's Printed Crepe Anarkali Kurti (Wine),₹424,NA,NA,Bisso Fashion,3.438 Ratings,5Followers,20Products
"Woman Rayon Indio Long Anarkali Kurta Sleeves-3/4 Sleeves, Tassels On Sleeves , Color Not Come After Wash",₹450,4.2,440 Reviews,SANSKRITI SYNFAB#,"4.23,255 Ratings",114Followers,17Products
SINGLE F KURTI,₹233,3.8,1834 Reviews,SALOME DESIGNERS,"3.820,064 Ratings","2,877Followers",43Products
Women Embroidered Cotton Blend Straight Kurta  (Maroon),₹385,4.3,24 Reviews,VORTIGA,"3.81,020 Ratings",35Followers,50Products
Charvi Sensational Kurtis,₹265,3.7,3485 Reviews,unnati international,"3.8120,579 Ratings","1,340Followers",80Products
Aishani Superior Kurtis,₹429,3.8,188 Reviews,sk_enterprise,"3.73,213 Ratings",64Followers,68Products
Combo Pack 6 Piece CREPE KURTI For Women and Girls,₹837,3.9,24 Reviews,H D Enter,"3.64,736 Ratings",168Followers,"2,533Products"
Alisha Graceful Kurtis,₹583,3.6,2011 Reviews,Universal Chikan Handicraft,"3.613,014 Ratings",713Followers,39Products
Women Not Available Crepe Kurti,₹292,3.7,13595 Reviews,Shiv Enter,"3.7460,110 Ratings","4,905Followers",341Products
Crepe Combo Kurti Printed Designer Kurti - 6 Top Kurti Combo,₹900,3.7,3 Reviews,Space Stone,3.9419 Ratings,25Followers,"2,360Products"
TRADITIONAL RAASTHANI FOIL LAHRIA DESIGNER KOTA DORIYA KURTI,₹343,3.8,964 Reviews,FATEH,"3.85,377 Ratings",130Followers,91Products
Nirali New Trendy Women's  Silk Kurti,₹177,3.9,746 Reviews,NIRALI TEXTILES,"3.910,796 Ratings",338Followers,10Products
Pankti Short Kurta for Women casual/formal and daily wear,₹361,NA,NA,PANKTI CREATION,3.8782 Ratings,46Followers,39Products
Women Rayon Front Slit Solid Kurti,₹239,3.9,8632 Reviews,RONIKA EMBROIDERY,"3.895,533 Ratings",742Followers,67Products
Women's Ethnic Wear Multi Color Straight Kurti Pack of 3,₹498,NA,NA,NANDA_DHARM,"3.8170,050 Ratings","2,196Followers",205Products
Women's cotton embroidery A line kurti,₹361,4.0,2269 Reviews,Shree Varahi Export,"4.032,546 Ratings","1,306Followers",37Products
pink bandhej jaipuri kurti or pent,₹386,3.9,939 Reviews,ASRA GARMENTS,"3.96,362 Ratings",125Followers,31Products
Printed Kurta,₹322,3.5,1 Reviews,A & A Exporter,"3.731,236 Ratings",203Followers,34Products
www.meesho.com | 504: Gateway time-out,NA,NA,NA,NA,NA,NA,NA
Anarkali,₹305,3.9,375 Reviews,RKSHIKA TEXTILES,"3.94,421 Ratings",135Followers,2Products
Banita Superior Kurtis,₹591,2.7,3 Reviews,GANPATI CREATION.,4.068 Ratings,7Followers,6Products
Women's Aline Pink Color Crepe Anarkali Kurti,₹247,3.8,225 Reviews,Crepe wali Kurtis,"3.81,017,049 Ratings","12,895Followers",631Products
Kurtis,₹429,3.5,542 Reviews,ZAIN ENTERPRISES,"3.519,158 Ratings",519Followers,158Products
Women's Fashion Straight Crepe Multicolor Kurti (Pack of 5),₹661,NA,NA,Crepe ki kurti,"3.81,719 Ratings",141Followers,"14,044Products"
Chitrarekha Ensemble Kurtis anarkali kurti,₹298,3.9,329 Reviews,Tulasi arts and kurtis,"3.910,724 Ratings",748Followers,70Products
Dsk Studio Women's Crepe Straight Kurti (Combo Pack 2 Kurta ),₹295,3.9,637 Reviews,New Ethnic 4 You,"3.8249,346 Ratings","3,517Followers",457Products
A LINE KURTI,₹571,NA,NA,ZENGARI FASHION,3.6175 Ratings,17Followers,120Products
Kurtis,₹249,3.8,4345 Reviews,Navya Enterprise,"3.841,324 Ratings",863Followers,62Products
Womens Kurti Embroidery Work & Gold printed Bottle Green colour Straight Kurti,₹257,3.9,578 Reviews,SANJAR COLLECTION,"3.94,851 Ratings",250Followers,3Products
Abhisarika Fashionable Kurtis,₹311,4.1,1069 Reviews,MAMTATEXTILES,"4.112,641 Ratings",195Followers,32Products
Beige and Grey Color Koti Kurti For Women's And Girl,₹196,3.9,346 Reviews,Crepe wali Kurtis,"3.81,017,049 Ratings","12,895Followers",631Products
JAIPUR kurti,₹455,3.7,2 Reviews,Humisha Creation,"3.81,996 Ratings",42Followers,14Products
crepe kurtis,₹243,3.6,1478 Reviews,G N NILKANTH ENTERPRISE,"3.645,602 Ratings",833Followers,41Products
BLUE ANARKALI KURTI,₹333,4.1,846 Reviews,mola ali enterprises,"4.17,955 Ratings",145Followers,15Products
Myra Fabulous Kurtis,₹395,4.2,NA,MS Enterprises,4.214 Ratings,2Followers,2Products
New Stylish Trendy Printed Anarkali Kurti for Women's Ethnic Wear Gown,₹398,4.1,504 Reviews,kurti world,"4.06,464 Ratings",198Followers,351Products
Kurtis,₹231,3.8,1196 Reviews,GEETAJI FASHION,"3.89,532 Ratings",108Followers,9Products
Crepe Combo Kurti Printed Designer Kurti - 6 Top Kurti Combo,₹900,3.4,1 Reviews,Space Stone,3.9419 Ratings,25Followers,"2,360Products"
Banita Refined Kurtis,₹285,3.7,204 Reviews,great one india,"3.613,529 Ratings",358Followers,56Products
Women's Printed Crepe Long Anarkali Kurti,₹298,3.9,3238 Reviews,FOREVER YO,"3.831,101 Ratings",282Followers,33Products
Women/Girls Crepe Blend  Printed kaftan Below Knee,₹500,NA,NA,Rudit Creation,4.439 Ratings,1Follower,115Products
Women's Regular Fit Crepe Straight Kurti (Pack Of 2 Kurta),₹270,3.8,224 Reviews,HIVA WESTERN COLLECTION,"3.8203,586 Ratings","2,148Followers",449Products
Women's Printed Cotton Slub Anarkali Kurti,₹271,3.8,157 Reviews,JIYA.FASHION,"3.91,940 Ratings",33Followers,64Products
women cotton stylish  kurta,₹293,4.1,1 Reviews,AM FASHION,"3.68,928 Ratings",155Followers,35Products
Urban Kanya Sky Blue Cotton Kantha Kurti,₹271,4.1,111 Reviews,Urban Kanya,"4.110,059 Ratings",258Followers,12Products
Daily Wear Women's Khadi Cotton Short Kurti Tunic Top,₹435,3.9,4 Reviews,DESAI.ENTERPRISE.,3.750 Ratings,7Followers,78Products
Women Rayon Printed Flared Kurta,₹323,4.1,205 Reviews,CREATIVES WORLD,"4.01,857 Ratings",54Followers,33Products
WOMEN CREPE KURTI,₹191,3.8,202 Reviews,Otti baa enterprise,"3.635,329 Ratings","1,048Followers",24Products
WOMEN FANCY KURTI,₹211,4.1,2 Reviews,SURBHI GARMENTS,4.519 Ratings,5Followers,4Products
Kurti,₹385,4.1,2391 Reviews,SHAH MS,"4.118,898 Ratings",653Followers,4Products
Chitrarekha Fabulous Kurtis,₹363,4.1,2842 Reviews,Mani exports,"4.0134,881 Ratings","3,811Followers",55Products
Rayon Kurtis with Cotti,₹393,3.7,67 Reviews,S F CREATION,"3.78,664 Ratings",267Followers,35Products
Aakarsha Refined Kurtis,₹359,4.1,1843 Reviews,BAIRAJ,"4.043,071 Ratings","1,115Followers",44Products
Women Striped Kurtis,₹299,4.0,2506 Reviews,Navya Ethnic Center,"3.887,753 Ratings","1,293Followers",304Products
WHITE LOTUS Women's Rayon Printed Kurti with Pant,₹459,3.3,1 Reviews,WHITE    LOTUS,3.9102 Ratings,4Followers,14Products
Kurti,₹287,3.8,3070 Reviews,Orlean Garment,"3.823,154 Ratings",631Followers,19Products
embrodery kurti,₹274,3.6,287 Reviews,unnati international,"3.8120,579 Ratings","1,340Followers",80Products
Combo Pack 6 Piece CREPE KURTI For Women and Girls,₹837,3.9,7 Reviews,H D Enter,"3.64,736 Ratings",168Followers,"2,533Products"
Women's Aline Straight Crepe Regular Fit Kurti (Pack Of 4 Pcs),₹521,3.8,467 Reviews,New Ethnic 4 You,"3.8249,346 Ratings","3,517Followers",457Products
Original Product Fancy Kurti Cotton Blend New,₹237,3.8,1087 Reviews,TheFashionHub,"3.87,768 Ratings",126Followers,9Products
New Ethnic 4 You Women's and Girls Daily Wear Straight Kurti (Pack OF 4 Piece Kurta),₹521,3.8,2 Reviews,New Ethnic 4 You,"3.8249,346 Ratings","3,517Followers",457Products
Cotton Kurtis For Women with Pocket,₹261,4.2,1852 Reviews,Rimeline Trends,"4.180,215 Ratings","7,467Followers",92Products
Trendy Cotton Kurti Combo Black patta(203) And cream(204),₹490,3.6,765 Reviews,Lanya Fab,"3.617,870 Ratings",386Followers,30Products
GOGAJI DHOBI KURTI,₹249,3.9,863 Reviews,GOGAJI TRADERS,"4.0174,930 Ratings","19,569Followers",13Products
Women's Blue Bandhni Styles Kurti,₹460,4.0,1508 Reviews,Pristino Texarc,"4.09,342 Ratings",992Followers,26Products
cottin straight kurtis,₹328,NA,NA,pari creation,"3.945,803 Ratings",700Followers,44Products
Kurtis,₹284,4.0,153 Reviews,NEHA FAISHION,"3.93,707 Ratings",143Followers,12Products
Anarkali  Kurtis,₹312,4.2,70 Reviews,mola ali enterprises,"4.17,955 Ratings",145Followers,15Products
Womens sanganeri printed kurti,₹340,4.0,22 Reviews,YESU COLLECTION,"3.91,027 Ratings",52Followers,33Products
Women's Printed Crepe Kurtis,₹299,3.6,2158 Reviews,Navya Ethnic Center,"3.887,753 Ratings","1,293Followers",304Products
Shree  fashion's Rayon Anarkali Printed Black Green gold  Kurti for women,₹390,3.9,411 Reviews,KRISHNAM FASHION,"4.022,579 Ratings",444Followers,51Products
Combo Pack 6 Piece CREPE KURTI For Women and Girls,₹837,4.0,6 Reviews,H D Enter,"3.64,736 Ratings",168Followers,"2,533Products"
Mirror Work Gala Booty Kurti With Cotton Inner,₹550,3.8,308 Reviews,Abaan Chikan,"3.84,896 Ratings",547Followers,27Products
TRENDY COTTON KURTA,₹351,3.7,32 Reviews,Bala creations,"3.86,378 Ratings",112Followers,17Products
Nora Stylish Retro Women,₹196,NA,NA,SHREE RAMDEV FAB.,"3.81,286 Ratings",47Followers,57Products
kurti For Women's,₹184,3.8,429 Reviews,Next Stage Art,"3.85,633 Ratings",63Followers,67Products
Women Printed Straight Kurti,₹182,3.7,234 Reviews,BINDIYA DM,"3.759,664 Ratings","1,116Followers",275Products
Women's Black Printed Crepe Kurti,₹295,3.8,2903 Reviews,M/S Deepak Kumar,"3.831,329 Ratings",544Followers,27Products
Women Cotton Solid 3/4th Sleeve V-neck Short Kurta-WHITE,₹296,4.0,154 Reviews,SUDHI KURTIS,"4.01,562 Ratings",51Followers,27Products
Green flower pr Ank 60,₹397,4.3,1 Reviews,Jayesh Creation,3.8199 Ratings,8Followers,13Products
"Casual American Crepe And Rasal Net Round-Neck 3/4 Length Sleeves Black Kurti (45""Inches)",₹174,3.9,279 Reviews,CE Dresses0,"3.9272,746 Ratings","2,643Followers","1,288Products"
Trendy Drishya Kurtis,₹441,3.9,2425 Reviews,SSM Retail,"3.948,129 Ratings","16,523Followers",43Products
Myra stylissh cotton kurti with pant,₹428,3.6,61 Reviews,KAUSHIK_ENTERPRISE,3.6452 Ratings,22Followers,18Products
Cotton Leheriya Print Pink Straight Sleeveless Kurti for Girls,₹191,4.1,15 Reviews,AtoZ Mart4,"4.010,276 Ratings",110Followers,7Products
Aishani Petite Kurtis,₹268,3.6,365 Reviews,Bellissa Fashion,"3.63,849 Ratings",134Followers,91Products
LIBOZA NYRA CUT KURTI FOR WOMEN || ETHNIC WEAR,₹420,NA,NA,AAVA INDIA,--Too few ratings,2Followers,14Products
Women Printed Cotton Blend Straight Kurta  (Green),₹302,3.8,1003 Reviews,HIMANSHI FASHION,"3.913,464 Ratings",357Followers,18Products
Attractive  Women Solid Straight Kurtis,₹260,4.0,265 Reviews,Aarav_NX,"4.05,963 Ratings",117Followers,51Products
New Ethnic 4 You Women's and Girls Daily Wear Straight Kurti (Pack OF 4 Piece Kurta),₹521,3.0,NA,New Ethnic 4 You,"3.8249,346 Ratings","3,517Followers",457Products
Women's Crepe Printed Long Kurti Combo of 2,₹292,3.7,18643 Reviews,Shiv Enter,"3.7460,110 Ratings","4,905Followers",341Products
Alisha Attractive Kurtis,₹512,3.9,363 Reviews,dishi_chikanhandicraft,"3.76,536 Ratings",250Followers,20Products
kurti,₹362,NA,NA,M Fabs,3.5293 Ratings,21Followers,8Products
Kurti,₹260,3.8,71 Reviews,MIEW INTERNATIONAL,3.8712 Ratings,13Followers,6Products
Combo Pack 6 Piece CREPE KURTI For Women and Girls,₹837,3.8,9 Reviews,H D Enter,"3.64,736 Ratings",168Followers,"2,533Products"
Women's Printed   Cotton Kurti,₹301,3.9,7007 Reviews,Rangrasiyatex,"4.0267,539 Ratings","4,399Followers",83Products
Trendy Designer Women Slit Dresses,₹296,3.7,243 Reviews,Madame,"3.970,298 Ratings","5,320Followers",296Products
Women's fancy Platinium crepe Pattern neck Red kurti,₹276,NA,NA,PRUSHTI FASHION,3.737 Ratings,12Followers,58Products
kurti with trouser,₹322,4.0,184 Reviews,BRIGHT FABRICS MRT,"4.01,588 Ratings",26Followers,9Products
GOWN,₹362,4.1,148 Reviews,POOJA FASHION POINT,"4.01,938 Ratings",79Followers,20Products
hippon fancy beautiful crepe a line kurti,₹251,NA,NA,Abhi Creation,"3.720,059 Ratings",382Followers,75Products
ARZU EMB.KURTIS,₹322,4.1,237 Reviews,ARZU,"4.119,619 Ratings","1,254Followers",16Products
Women's Crepe Printed Kurti Combo of 2,₹284,3.8,5135 Reviews,Crepe wali Kurtis,"3.81,017,049 Ratings","12,895Followers",631Products
"woman kurti,,,,,, kurtis",₹236,NA,NA,MEHERBAN TEXTILE,3.7287 Ratings,17Followers,16Products
Hiva Western Collection Women's and Girls Crepe Aline Straight Cut Kurti (Pack Of 2 Kurta),₹295,3.7,148 Reviews,HIVA WESTERN COLLECTION,"3.8203,586 Ratings","2,148Followers",449Products
KANIKA GREEN Aagyeyi Petite Kurtis,₹306,3.8,1408 Reviews,JYOTI CREATION,"3.838,951 Ratings",665Followers,15Products
New Ethnic 4 You Women's and Girls Daily Wear Straight Kurti (Pack OF 4 Piece Kurta),₹521,3.9,3 Reviews,New Ethnic 4 You,"3.8249,346 Ratings","3,517Followers",457Products
Aishani Sensational Kurtis,₹499,3.6,2434 Reviews,Bindas Collection,"3.625,962 Ratings",490Followers,116Products
Style Look Women's Cotton A-Line Kurti,₹187,4.0,69 Reviews,STYLE LOOK,"4.01,210 Ratings",23Followers,5Products
Eternis Fashion Cotton Kurti,₹333,3.7,5 Reviews,FASHION ARENAA,"3.73,012 Ratings",67Followers,176Products
STRIPE KURTIS UNDER 299,₹291,3.9,259 Reviews,VIVIDH CREATIONSS,"3.836,145 Ratings","1,751Followers",215Products
women kurtis,₹374,4.0,539 Reviews,JANKI TEXTILE,"4.040,053 Ratings","1,819Followers",24Products
Aagam Pretty Kurtis,₹507,3.6,427 Reviews,AKSHAYAN CHIKAN,"3.517,502 Ratings",519Followers,136Products
women kurti,"₹1,426",4.7,19 Reviews,Veer Telecom,"4.81,489 Ratings",54Followers,1Product
NAYRA_NAVY BLUE Kurtis,₹464,3.9,1744 Reviews,VANIYA@ ENTERPRISE,"3.812,919 Ratings","25,575Followers",60Products
Women's Casual Wear Straight Kurti (Combo Pack Of 5),₹639,4.1,338 Reviews,Crepe wali Kurtis,"3.81,017,049 Ratings","12,895Followers",631Products
Copper Zari Soft kurtis,₹260,3.7,154 Reviews,MOZAMPUR KHADI UNNAYAN SAMITY,"3.914,804 Ratings",362Followers,36Products
Women Stylish Printed Amrican Crepe Kaftan-Kurtis With Latkan Dori (Pink),₹261,3.9,96 Reviews,Krita Lifestyle,"3.71,217 Ratings",29Followers,27Products
Aagyeyi Alluring Kurtis,₹290,3.6,748 Reviews,VF FASHION,"3.67,046 Ratings",110Followers,53Products
Women's Aline Straight Crepe Regular Fit Kurti (Pack Of 2 Pcs),₹295,3.9,128 Reviews,New Ethnic 4 You,"3.8249,346 Ratings","3,517Followers",457Products
Graceful Women Kurti,₹341,3.8,539 Reviews,SHREEHARI ART,"3.815,325 Ratings",163Followers,15Products
Neelkanth Trends:- Presents latest Designer Kurti For Womens.,₹304,4.2,126 Reviews,neelkanth,"3.93,851 Ratings",137Followers,51Products
Trendy Ethnic Women's Solid Flared Kurtis,₹363,4.0,362 Reviews,Ethicart,"4.03,357 Ratings",134Followers,4Products
Classy Fabulous Women Kurti,₹300,4.2,1885 Reviews,NARAYANMUNI DEV FASHION,"4.115,290 Ratings",326Followers,36Products
Kashvi Drishya Kurtis,₹193,3.7,596 Reviews,ORGENIC CREATION,"3.727,969 Ratings",518Followers,111Products
Stylish Women's Crepe Wine Color Ethnic Motif Printed Straight Kurti,₹184,3.8,870 Reviews,OSWAL INTERNATIONAL,"3.878,773 Ratings","1,542Followers","6,565Products"
Kurtis,₹296,4.1,97 Reviews,Lavanya enterprizes,"4.24,459 Ratings",80Followers,53Products
Trandy Pink Border Printed Anarkali Kurti,₹312,3.9,272 Reviews,PANDRI JI CREATION,"4.06,345 Ratings",133Followers,12Products
Pandora Gown Style long Kurtis,₹261,3.7,276 Reviews,K. C. Fabrics / Pandora,"3.632,674 Ratings","4,279Followers","1,857Products"
Malti  Mint GREEN,₹313,3.9,105 Reviews,ANGEL TEXTILE,"4.04,819 Ratings",85Followers,7Products
Combo kurti for women,₹390,4.1,33 Reviews,THE AWESOME COLLECTION,3.9537 Ratings,16Followers,19Products
Arushi Red God Bless Kurti _RC_04,₹323,4.1,364 Reviews,ARUSHI FASHION,"4.12,395 Ratings",53Followers,30Products
Rayon Printed Treding Anarkali Kurta For Women's,₹305,3.6,253 Reviews,BABITAS FASHIONS,"3.73,950 Ratings",92Followers,127Products
Kurtis,₹191,3.6,36 Reviews,VENUSMARK,"3.63,158 Ratings",64Followers,23Products
crepe kurtis,₹186,3.5,57 Reviews,NAKSH ENTERPRISE SAREES,"3.736,711 Ratings",791Followers,50Products
Banita Attractive Kurtis,₹328,3.6,53 Reviews,LNK Fabrics,"3.81,480 Ratings",39Followers,6Products
Women's Printed Full-Stitched Crepe Straight Kurti(Combo Pack Of 3),₹374,3.9,2363 Reviews,Crepe wali Kurtis,"3.81,017,049 Ratings","12,895Followers",631Products
Royal black,₹312,4.0,104 Reviews,Shri Mahalaxmi creation,"3.92,493 Ratings",82Followers,42Products
Designer Slub Cotton Fully Stitched Half-Sleeve Anarkali Kurti For Women & Girls,₹266,3.9,52 Reviews,SHREEVALI CREATION,"3.91,155 Ratings",18Followers,26Products
PLUS SIZE RAJASTHANI FAMOUS BEAUTIFUL BANDHEJ STRAIGHT KURTI,₹331,4.0,165 Reviews,LEELA EMPORIUM,"3.93,089 Ratings",123Followers,50Products
Anarkali Kurtis for Women and Girls Gold Printed Black,₹399,4.2,721 Reviews,Aj Art,"4.15,913 Ratings",217Followers,19Products
Kashvi Petite Kurtis,₹374,4.0,3101 Reviews,JANKI TEXTILE,"4.040,053 Ratings","1,819Followers",24Products
Kurti trauser  Kurta Set,₹333,4.0,128 Reviews,ms aman creation,"4.01,597 Ratings",52Followers,8Products
printed kurti,₹262,3.9,231 Reviews,AYESHA FAB,"3.812,295 Ratings",189Followers,39Products
Rayon Printed Anarkali Pink Kurti For Women / Girls,₹287,3.7,269 Reviews,JYOTI MENUFACTURING,"3.952,608 Ratings",730Followers,20Products
GEORGETTE KURTI,₹282,4.0,1151 Reviews,firstchoice_creation,"4.08,601 Ratings",266Followers,20Products
WOMEN DESIGNER KURTI,₹273,3.9,83 Reviews,MOZAMPUR KHADI UNNAYAN SAMITY,"3.914,804 Ratings",362Followers,36Products
GC Women's Printed Cotton Kurti,₹317,3.8,3506 Reviews,G Collection,"3.821,925 Ratings",267Followers,43Products
RASHILI KURATI  GREEN,₹251,3.9,1676 Reviews,MEGHACREATION,"3.914,520 Ratings",153Followers,49Products
Stylish Women's Crepe Multicolor Color  Ethnic Motif Printed Straight Kurti,₹181,3.8,232 Reviews,OPPL,"3.8103,468 Ratings","2,733Followers","5,699Products"
GOLD PRINT BORDER KURTI,₹283,3.9,81 Reviews,ARD CREATOR,"3.82,878 Ratings",45Followers,8Products
Charvi Drishya Kurtis,₹221,4.0,147 Reviews,RIYA EXPORTS,"3.91,281 Ratings",30Followers,19Products
LT130 BLACK KURTA,₹383,4.1,115 Reviews,SHREE GARMENTS,"4.05,061 Ratings",72Followers,18Products
Women's Aline Straight Crepe Kurta (Combo Pack Of 2 Kurti),₹295,3.9,189 Reviews,New Ethnic 4 You,"3.8249,346 Ratings","3,517Followers",457Products
Women's Rayon Foil Printed Short A-line Kurtis,₹385,4.0,377 Reviews,Ramakrishna Lehanga & Saree,"3.9130,196 Ratings","1,774Followers","1,917Products"
crepe kurtis,₹140,3.7,6 Reviews,V N SAHAJANAND ENTERPRISE,"3.71,170 Ratings",27Followers,25Products
Women's Daily Wear Straight Cotton Plain Solid Kurti Combo,₹566,3.8,1094 Reviews,SATADHAR,"3.810,029 Ratings",185Followers,70Products
PINK ANARKALI KURTI,₹338,3.9,121 Reviews,Sayonee creations,"3.81,387 Ratings",23Followers,9Products
Chitrarekha Fabulous Kurtis,₹190,3.7,85 Reviews,ORGENIC CREATION,"3.727,969 Ratings",518Followers,111Products
Aakarsha Sensational Kurtis,₹261,4.1,2860 Reviews,GOGAJI TRADERS,"4.0174,930 Ratings","19,569Followers",13Products
Alisha Attractive Kurtis,₹278,4.0,1913 Reviews,GARIMA'S FASHION,"4.011,519 Ratings",197Followers,6Products
Women's Ethnic Wear Multi Color Straight Kurti Pack of 2,₹306,3.8,458 Reviews,NANDA_DHARM,"3.8170,050 Ratings","2,196Followers",205Products
Long Gown Kurty,₹588,3.9,1417 Reviews,SHIV SHAKTI FASHION 2,"3.912,181 Ratings",312Followers,49Products
Trendy Embroidered Partywear Women Kurtis,₹348,3.9,15 Reviews,SHREEVALI CREATION,"3.91,155 Ratings",18Followers,26Products
Kapadia Stylish Embroidered Kurti (Navy Blue Embroidered),₹314,4.0,177 Reviews,K P Manufacturers,"4.06,593 Ratings",355Followers,167Products
KURTIS,₹385,3.9,100 Reviews,ffashion_hub,"3.936,384 Ratings",448Followers,63Products
plain linen kurtis APPLE CUT,₹292,3.9,1040 Reviews,Shiv Enter,"3.7460,110 Ratings","4,905Followers",341Products
New Embroidery Kurti Purple,₹536,4.4,963 Reviews,ANGITA,"4.44,465 Ratings",309Followers,15Products
Stylish Women's Crepe Wine Color Ethnic Motif Printed Straight Kurti,₹180,3.7,382 Reviews,OPPL,"3.8103,468 Ratings","2,733Followers","5,699Products"
WOMEN ANARKALI,₹331,3.9,159 Reviews,RITIKA TRADERS,"3.926,426 Ratings",452Followers,58Products
STYLISH  DEISGNER ANARKALI KURTIS,₹405,4.1,923 Reviews,SANJYA TEXTILE,"4.18,114 Ratings",298Followers,13Products
Eternis Fashion Cotton Kurti,₹283,3.7,51 Reviews,SuhaaniFashion,"3.73,778 Ratings",86Followers,37Products
NMS Cotton Chicken Kurtis,₹302,3.7,345 Reviews,Nida Fashions,"3.932,346 Ratings","1,138Followers",84Products
Aishani Fabulous Kurtis,₹506,3.7,240 Reviews,RIYU FASHION..,"3.710,784 Ratings",303Followers,48Products
kurti,₹405,4.0,826 Reviews,sarte Kurtis,"4.151,431 Ratings","1,342Followers",55Products
WOMEN RAYON PRINTED & EMBROIDERY KURTI,₹338,4.0,77 Reviews,DD TEXTILE,"4.01,897 Ratings",43Followers,20Products
NATEK Plain & Solid Cotton Anarkali Stylish Printed Batik Border Kurti Kurta Dress for Women Ladies Latest Designer Flared Style Round Kurta Top Dresses For Girls,₹271,3.7,158 Reviews,NATEK INTERNATIONAL,"3.72,647 Ratings",35Followers,5Products
Women's Ethnic Straight Kurti,₹185,3.7,681 Reviews,New Ethnic 4 You,"3.8249,346 Ratings","3,517Followers",457Products
Women's Printed Full-Stitched Crepe Straight Kurti(Combo Pack Of 2),₹284,3.7,2887 Reviews,Crepe wali Kurtis,"3.81,017,049 Ratings","12,895Followers",631Products
SVLS COTTON KURTI,₹342,3.7,178 Reviews,SHREE VAIBHAV LAXMI SYNTHETIC,"3.83,001 Ratings",155Followers,97Products
Grey Color Koti Kurti For Women's And Girl,₹198,3.9,199 Reviews,New Ethnic 4 You,"3.8249,346 Ratings","3,517Followers",457Products
Women's Printed Rayon Kurti,₹215,3.7,439 Reviews,DAULAT CREATION,"4.024,648 Ratings",279Followers,52Products
KILLARI Multicolor Printed Kurtis Pack Of 6,₹755,3.9,362 Reviews,BINDIYA DM,"3.759,664 Ratings","1,116Followers",275Products
woman cotton PRINT SLIT flair kurti,₹286,3.9,373 Reviews,Apsara Designers,"3.827,651 Ratings",642Followers,65Products
"womens embroidery long kurta, partywear kurta, festival kurta, embroidery kurta, anarkali kurta",₹331,4.0,101 Reviews,SATVIK FASHION,"4.07,319 Ratings",146Followers,23Products
Women's Cotton short Kurti,₹294,3.9,68 Reviews,MOHINI FASHION,"3.919,153 Ratings",469Followers,83Products
Aagyeyi Ensemble Kurtis,₹588,3.9,300 Reviews,munnki,"3.89,010 Ratings",193Followers,402Products
ARZU embroidered kurta,₹320,4.1,1921 Reviews,ARZU,"4.119,619 Ratings","1,254Followers",16Products
Charvi Petite Kurtis,₹292,3.7,4023 Reviews,Shiv Enter,"3.7460,110 Ratings","4,905Followers",341Products
Jacart  Kurtis,₹499,4.0,485 Reviews,ALANKAR FASHION_,"3.94,067 Ratings",74Followers,35Products
supar kurti,₹198,3.6,387 Reviews,PAGHADI,"3.63,485 Ratings",70Followers,93Products
WOMEN  COTTON KURTI,₹323,4.0,138 Reviews,Craze Fashion,"4.02,721 Ratings",64Followers,13Products
Trendy Drishya Kurtis,₹196,3.8,4378 Reviews,iconfab,"3.830,672 Ratings",585Followers,7Products
Printed Anarkali Kurti for Women Ethnic Wear Crepe Fabric,₹293,3.9,4219 Reviews,trending kurties,"3.832,605 Ratings","1,374Followers",40Products
Alisha Refined Kurtis,₹282,3.7,2042 Reviews,KRIPRARECHI,"3.830,095 Ratings","1,566Followers",12Products
New Koty style cotten Kurti,₹184,3.8,448 Reviews,Gunja fashion,"3.711,866 Ratings","1,345Followers",210Products
Women's Ethnic Straight Crepe Kurti (Combo Pack Of 2),₹268,3.7,11 Reviews,Shree Infinity Export,"4.05,722 Ratings",89Followers,268Products
Women's Crepe A-Line Printed  Gorgeous Stitched Kurtis (Pack of 2 Kurtis),₹281,3.8,2303 Reviews,New Ethnic 4 You,"3.8249,346 Ratings","3,517Followers",457Products
WOMEN'S PRINTED FLORAL PRINT LONG ALINE KURTIS,₹285,3.7,164 Reviews,MOHINI FASHION,"3.919,153 Ratings",469Followers,83Products
Laayna Women's Crepe Printed A-Line Kurti,₹385,4.2,1714 Reviews,ALCC,"4.1108,353 Ratings","2,735Followers",548Products
Printed straight kurti,₹355,4.1,122 Reviews,SHIVAM CREATION,"3.85,268 Ratings",148Followers,16Products
Alisha Pretty Kurtis,₹488,4.0,920 Reviews,self creative,"4.011,043 Ratings",332Followers,9Products
Kashvi Attractive Kurtis,₹359,3.8,303 Reviews,LAXMAN DAS,"3.929,169 Ratings",803Followers,51Products
Aakarsha Superior Kurtis,₹510,4.2,4300 Reviews,J V FASHION,"4.225,876 Ratings",661Followers,7Products
Chitrarekha Alluring Kurtis,₹265,3.5,117 Reviews,KING CHIKANKARI,"3.415,338 Ratings",390Followers,102Products
Trendy Kurti,₹278,4.0,1209 Reviews,LAD CREATIONS,"4.09,850 Ratings",189Followers,14Products
Women Black and white straight kurta,₹328,4.0,180 Reviews,ALYTHEA CLOTHING,"4.237,619 Ratings","1,003Followers",11Products
Women's Printed Rayon Kurti,₹316,4.0,2466 Reviews,KPF,"4.0215,231 Ratings","2,746Followers",96Products
Cotton Embroidery Kurtis,₹270,3.7,401 Reviews,Harikrishna@fashion,"3.64,853 Ratings","3,626Followers",70Products
Trendy Sensational Kurtis,₹193,3.8,56 Reviews,C4A,"3.71,119 Ratings",18Followers,76Products
SHORT KURTI,₹298,3.7,57 Reviews,TIB,3.9974 Ratings,20Followers,7Products
Trendy Fabulous Crepe Straight Kurtis,₹192,3.8,491 Reviews,NS SAVALIYA,"3.940,945 Ratings",788Followers,59Products
Banita Voguish Kurtis,₹351,4.0,3494 Reviews,RAKSH,"3.8191,344 Ratings","2,974Followers",56Products
Banita Alluring Kurtis,₹220,3.9,508 Reviews,SAK Fabrics,"4.0141,078 Ratings","1,855Followers",65Products
Kurti,₹338,3.8,89 Reviews,Fashion Technologies,"3.71,597 Ratings",42Followers,33Products
Aakarsha Ensemble Kurtis,₹381,3.7,102 Reviews,S H R E E J I ENTERPRISE,"3.71,865 Ratings",64Followers,22Products
Stylish Women's Crepe MultiColor Digital Printed Straight Kurti,₹297,3.9,588 Reviews,OPPL,"3.8103,468 Ratings","2,733Followers","5,699Products"
KURTI,₹297,4.0,121 Reviews,NORTH COLLECTION,"3.822,040 Ratings",131Followers,4Products
floral printed Fashionable crepe Kurtis designer Unique below 200 Long Kurta designer kurtis stylish design trendy modern long western casual beautiful modern party wear traditional Office Wear kurti for girls women ladies checks collection branded a-line chikankari kurti fancy Combo palazzo set,₹288,3.5,7 Reviews,INEZAA,"3.75,817 Ratings",90Followers,495Products
"angel kurte , kurti",₹212,3.7,94 Reviews,FIVE STAR TEXTILE,"3.71,055 Ratings",19Followers,25Products
Chitrarekha Alluring Kurtis,₹341,4.0,287 Reviews,Y&O,"4.03,511 Ratings",67Followers,12Products
Women Embroidered Viscose Rayon A-line Kurta,₹352,4.2,38 Reviews,R N EXIM,"4.02,486 Ratings",44Followers,269Products
Women's Crepe A-Line Printed  Gorgeous Stitched Kurtis (Pack of 2 Kurtis),₹295,3.8,2710 Reviews,New Ethnic 4 You,"3.8249,346 Ratings","3,517Followers",457Products
Women's Floral Printed Straight Fit Sleeveless Kurti/Kurta,₹261,4.1,273 Reviews,GOLADA MASTER,"4.12,078 Ratings",32Followers,10Products
Anarkali Kurti with Palazzo for Women,₹385,3.9,715 Reviews,SAJID_FASHION,"3.915,128 Ratings",208Followers,11Products
Kurtiss,₹262,3.6,249 Reviews,RICHAL ENTERPRISE,"3.62,648 Ratings",43Followers,15Products
reyon bandhej printed kurti,₹322,3.7,520 Reviews,JAY_MOGAL_CREATION,"3.83,999 Ratings",174Followers,53Products
WHITE GG Kurtis,₹320,3.8,68 Reviews,JYOTI CREATION,"3.838,951 Ratings",665Followers,15Products
Women's  Ethnic Motif Printed  Kurti Fabric,₹275,4.0,93 Reviews,PALZIE,"3.91,643 Ratings",125Followers,63Products
Stylish Modern Women Kurtis,₹261,3.9,258 Reviews,VESICLE,"3.85,189 Ratings",86Followers,26Products
Charvi Attractive Women Kurta Sets,₹333,4.0,47 Reviews,S Jee Fabrics,"3.868,855 Ratings","3,388Followers",101Products
Alisha Fashionable Kurtis,₹221,3.7,172 Reviews,Little’s store,"3.71,698 Ratings",37Followers,7Products
Women's Ethnic Wear Straight Kurti (Combo Pack Of 2),₹295,3.7,8538 Reviews,Crepe wali Kurtis,"3.81,017,049 Ratings","12,895Followers",631Products
COMPUTER KURTIS,₹278,3.5,68 Reviews,Beauty cloth centre,"3.52,123 Ratings",98Followers,37Products
NEW STYLISH GRACEFUL GEORGETTE WOMEN GOWN,₹397,3.6,51 Reviews,RadHika sarees,3.6873 Ratings,29Followers,16Products
16 Always Printed Anarkali,₹269,3.9,2537 Reviews,16 Always,"3.922,450 Ratings",220Followers,5Products
Kurtis,₹377,4.0,358 Reviews,AMBEY DYEING,"4.04,690 Ratings",88Followers,23Products
AAVI Pink Kantha Pattern Kurta,₹259,4.2,847 Reviews,D-Fashion,"4.17,429 Ratings",126Followers,53Products
Jivika Fashionable Kurtis,₹831,3.7,805 Reviews,NANDISH CHIKAN ART,"3.76,700 Ratings",524Followers,11Products
Anarkali,₹312,3.9,391 Reviews,MA SYLA GARMENTS,"3.8100,832 Ratings","2,388Followers",7Products
new fashion western dress for girls stylish dresses long  knee length skater party wear one piece casual fancy latest frock ladies women simple readymade trendy a line designer latest flare and fit traditional combo formal  bodycon floral flared lady ethinic wedding full long printed,₹246,3.8,481 Reviews,jitendra g akbari,"3.869,443 Ratings","1,500Followers",142Products
JN LOFTY COLLECTION  EMB.KURTI,₹399,4.1,96 Reviews,JN LOFTY,"4.11,134 Ratings",40Followers,16Products
GANGOUR JAIPUR New & Hit Embroidery Kurti Pink,₹374,3.9,741 Reviews,GANGOUR JAIPUR,"3.910,637 Ratings",967Followers,31Products
AnjuShree Choice Women Cotton Kurti,₹366,4.0,177 Reviews,ANJUSHREE CHOICE,"3.92,181 Ratings",154Followers,77Products
Women's Multicolor Daily Use Crepe Straight Kurti (Pack Of 2 Pcs),₹295,3.9,216 Reviews,New Ethnic 4 You,"3.8249,346 Ratings","3,517Followers",457Products
Women printed anarkali gown,₹292,3.7,39 Reviews,Evika Fashion_JPR,"3.81,449 Ratings",26Followers,22Products
Kurtis,₹270,4.0,68 Reviews,Sagsi kurti,3.9773 Ratings,23Followers,17Products
3/4 CREPE KURTI,₹145,3.6,21 Reviews,RANGRASIYA CORPORATION,"3.717,001 Ratings","1,165Followers",134Products
Women Jaipuri Printed Dress,₹199,3.9,407 Reviews,Dream Girl Enterpries,"3.914,721 Ratings",308Followers,41Products
Aishani Ensemble Kurtis,₹450,3.9,137 Reviews,PRUTHAVI ENTERPRISE,"3.82,942 Ratings",162Followers,115Products
Women's American Crepe A-Line Readymade Kurti,₹201,3.8,44 Reviews,Bd_Fashion,"3.860,937 Ratings","1,741Followers",346Products
anarkali kurti for women,₹407,4.2,468 Reviews,KANHA CREATION,"4.012,056 Ratings",396Followers,27Products
DSK Studio Women's Printed Straight Kurti (Combo Pack 2 Kurta),₹295,3.8,377 Reviews,New Ethnic 4 You,"3.8249,346 Ratings","3,517Followers",457Products
supar kurati,₹197,3.8,70 Reviews,JOGMAYA CREATION,"3.72,996 Ratings",70Followers,83Products
Combo.Kurti. Stylish. Kurta for Women's,₹296,3.5,133 Reviews,Crepe Kurti,"3.76,757 Ratings",811Followers,61Products
Kurtis,₹258,3.8,1316 Reviews,DHRUVANSHI ENTERPRISE,"3.839,981 Ratings","1,075Followers",64Products
HIGH DEMAND KURTIES,₹360,3.6,28 Reviews,NEHA TRADERS,"3.816,229 Ratings",407Followers,15Products
Mirror Work Boota Jaal Kurti With inner,₹716,3.8,338 Reviews,Abaan Chikan,"3.84,896 Ratings",547Followers,27Products
"American Crepe And Rasal Net 3/4th Sleeves Maroon Kurti (45""Inches)",₹148,3.7,1 Reviews,Waanvi,"3.87,273 Ratings",128Followers,652Products
kurti,₹303,3.8,142 Reviews,VEDANTA TEXTTILES,"3.83,541 Ratings",72Followers,21Products
Women's Ethnic Wear Crepe Straight Kurti (Combo Pack 3),₹362,3.8,1075 Reviews,Crepe wali Kurtis,"3.81,017,049 Ratings","12,895Followers",631Products
Anarkali Blue Kurta,₹352,4.1,1191 Reviews,Laxmi   Garments,"4.07,200 Ratings",121Followers,15Products
Women kurti flowers print,₹353,4.2,262 Reviews,GREAT WISH,"4.12,079 Ratings",125Followers,17Products
Myra Attractive Kurtis,₹292,3.7,2824 Reviews,Shiv Enter,"3.7460,110 Ratings","4,905Followers",341Products
Abhisarika Ensemble Kurtis,₹289,3.7,74 Reviews,SHREENA ENTERPRISE,"3.717,197 Ratings",516Followers,409Products
Women's Regular Fit Aline Kurti,₹179,3.8,361 Reviews,Crepe wali Kurtis,"3.81,017,049 Ratings","12,895Followers",631Products
Aagyeyi Fabulous Kurtis,₹488,3.6,542 Reviews,ONIXINO FASHION,"3.740,787 Ratings","1,021Followers",344Products
SINGLE F KURTI,₹224,3.8,638 Reviews,KMC DESIGNERS,"3.923,158 Ratings",840Followers,30Products
Wf Pink Katha Pattern Kurta,₹257,3.9,380 Reviews,Waheguru fashions,"3.94,507 Ratings",53Followers,8Products
Women's Solid Crepe Kurti,₹207,3.8,2592 Reviews,SHIV CLOTHS,"3.835,269 Ratings",504Followers,320Products
Straight Kurti with Jacket for Women Printed Rayon,₹302,4.0,693 Reviews,Rozy Fabrics,"4.015,590 Ratings","1,404Followers",21Products
women's PRINTED kurti,₹471,4.2,264 Reviews,MAHIMA CREA,"4.032,737 Ratings",673Followers,86Products
Beautiful Rayon Printed Straight Yellow Kurti,₹333,3.8,62 Reviews,rimeline_fashion,"4.112,712 Ratings",408Followers,74Products
Designer Trendy Havy Embroidery Work kurti,₹307,3.6,70 Reviews,MISS MEERA,"3.72,938 Ratings",138Followers,123Products
Stylish Women's Crepe MultiColor Digital Printed Straight Kurti,₹400,3.9,359 Reviews,OS INTERNATIONAL,"3.8132,561 Ratings","1,991Followers","7,791Products"
VIVOOOPINK  Kurtis,₹177,3.7,182 Reviews,VEENAZ,"3.511,454 Ratings",282Followers,279Products
Anarkali  Kurti for Women and Girls with Embroidery Work,₹337,4.1,1331 Reviews,# HARSH ENTERPRISES,"4.110,498 Ratings",178Followers,14Products
Women's Ethnic Straight Crepe Kurti(Combo Pack Of 2),₹295,3.9,375 Reviews,Crepe wali Kurtis,"3.81,017,049 Ratings","12,895Followers",631Products
Trendy Alluring Kurtis,₹190,3.9,208 Reviews,Vyom Lifestyle,"3.84,073 Ratings",63Followers,104Products
Women's Printed Rayon Anarkali  SHORT Kurta,₹312,3.8,169 Reviews,LERIYA FASHION,"3.963,317 Ratings","1,454Followers","1,860Products"
WineSilkEmrodery,₹285,3.9,307 Reviews,NEHA FAISHION,"3.93,707 Ratings",143Followers,12Products
Trendy Fashionable kurtis,₹348,4.2,118 Reviews,Maitri Fab.,"4.21,603 Ratings",98Followers,19Products
GB,₹431,3.6,478 Reviews,A N CHIKAN ART,"3.516,509 Ratings",434Followers,135Products
Aagam Pretty Kurtis,₹288,3.6,214 Reviews,KING CHIKANKARI,"3.415,338 Ratings",390Followers,102Products
Trendy Petite Kurtis,₹362,3.9,2149 Reviews,Mani exports,"4.0134,881 Ratings","3,811Followers",55Products
MIRROR WORK KURTI WITH INNER,₹665,3.9,138 Reviews,FZ Enterprises,"3.617,200 Ratings",403Followers,328Products
Hand Embroided chikan kurti set with Mirror work.,₹561,3.7,145 Reviews,Royals Chikan,"3.62,700 Ratings",137Followers,48Products
Abhisarika Graceful Kurtis,₹295,3.9,197 Reviews,RASWINDER KAUR,"3.815,155 Ratings",292Followers,24Products
Woman Royal Blue Printed Anarkali Kurti,₹322,3.8,1172 Reviews,ASHISH PRINT,"3.820,773 Ratings",302Followers,40Products
Chitrarekha Drishya Kurtis,₹665,3.8,129 Reviews,MD FASHION HUB,"3.77,310 Ratings",161Followers,34Products
womens rayon embroidery kurta,₹399,4.2,828 Reviews,ANANDITA,"4.324,425 Ratings",942Followers,11Products
ANSHI WOMEN'S REYON DARK PINK STRAIGHT KURTA,₹275,4.1,116 Reviews,ANSHI FASH.,"4.27,909 Ratings",120Followers,13Products
Georgette Embroidered Women's Stitched Kurti,₹486,4.3,810 Reviews,tulipprints,"3.9140,623 Ratings","1,860Followers",205Products
Aagyeyi Fabulous Kurtis,₹325,3.7,2675 Reviews,S.A superindustries,"3.719,459 Ratings",761Followers,12Products
Rayon Printed Wine Anarkali Kurti For Women/Girls,₹290,3.7,122 Reviews,Anshu fab tax.,"3.89,490 Ratings",167Followers,15Products
women's Printed kurti,₹301,3.7,54 Reviews,MOHINI FASHION,"3.919,153 Ratings",469Followers,83Products
Kurti,₹309,3.8,45 Reviews,K K FASHION,"3.72,657 Ratings",35Followers,46Products
Kashvi Voguish Kurtis,₹316,4.1,427 Reviews,SARA FASHION,"4.05,566 Ratings",71Followers,17Products
Jacket and Kurta,₹234,3.7,357 Reviews,Riya Fashion,"3.714,285 Ratings",253Followers,107Products
Premium Rayon Sanganeri Bandhani Kurti,₹375,4.0,716 Reviews,Raavi creation,"4.07,729 Ratings",270Followers,26Products
Straight Crepe Kurti,₹191,3.7,41 Reviews,W SAREE,3.7750 Ratings,19Followers,197Products
kurti trouser,₹328,4.0,562 Reviews,SHAD’s GARMENTS,"4.04,171 Ratings",103Followers,11Products
Kashvi Graceful Kurtis,₹257,4.2,680 Reviews,VEDRAJ,"4.16,748 Ratings",135Followers,65Products
Women Rayon Printed Green Anarkali Long Kurti,₹306,3.8,407 Reviews,JYOTI CREATION,"3.838,951 Ratings",665Followers,15Products
Aakarsha Drishya Kurtis,₹283,3.7,16 Reviews,DB_Fashion,3.7319 Ratings,12Followers,42Products
Women Rayon Printed Solid Dyed Flare Long Kurta,₹312,4.0,370 Reviews,Js Creation's,"4.02,823 Ratings",61Followers,10Products
Women's Ethnic Wear Green Color Straight Kurti,₹179,3.6,11051 Reviews,Crepe wali Kurtis,"3.81,017,049 Ratings","12,895Followers",631Products
Women's Regular Fit Crepe Aline Kurti,₹181,3.6,97 Reviews,VENUSMARK,"3.63,158 Ratings",64Followers,23Products
crepe kurtis,₹140,3.8,8 Reviews,Bhavani creation mart,"3.66,154 Ratings",83Followers,29Products
Women's Cotton Jaipuri printed short Kurti  size xs 34 to  xxxl  46,₹300,3.8,32 Reviews,MAHIMA CREA,"4.032,737 Ratings",673Followers,86Products
Women Rayon Straight Embroidered Sequinned Kurti,₹257,4.0,4628 Reviews,mk_art,"4.036,936 Ratings",985Followers,42Products
Aishani Sensational Kurtis,₹372,3.8,2002 Reviews,krit_enterprise,"3.889,881 Ratings","1,097Followers",98Products
Anjana Trendy Attractive Kurtis,₹302,3.9,102 Reviews,Anjana NX,"4.03,077 Ratings",79Followers,48Products
Trendy Refined Kurtis,₹462,3.5,473 Reviews,AKSHAYAN CHIKAN,"3.517,502 Ratings",519Followers,136Products
Jivika Fashionable Kurtis,₹297,4.1,885 Reviews,SUBHLAXMI FASHION,"4.125,381 Ratings",503Followers,33Products
Kurta for women,₹282,4.0,77 Reviews,SONAFAB,4.0631 Ratings,16Followers,10Products
Fancy Woman Gown Kurti,₹424,3.7,303 Reviews,Vidya Fashion Mart,"3.74,924 Ratings",137Followers,94Products
Aagyeyi Superior Kurtis,₹563,4.0,149 Reviews,sanwariya creation,"4.072,192 Ratings","2,712Followers",133Products
SUMIT ENTERPRISES PRINTED SLEEVELESS ANARKALI,₹343,4.2,148 Reviews,Sumit enterprises,"4.07,045 Ratings",153Followers,47Products
Ragini Enterprises _Women's Rayon Anarkali Hand Block Printed Kurti,₹361,4.0,24 Reviews,RAGINI-ENTERPRISES,4.0529 Ratings,14Followers,14Products
Women's Daily Wear Printed Aline Kurti (Combo Pack Of 2),₹286,3.8,974 Reviews,New Ethnic 4 You,"3.8249,346 Ratings","3,517Followers",457Products
Myra Ensemble Kurtis With Koti,₹225,3.8,138 Reviews,New gravity export,"3.816,141 Ratings",277Followers,155Products
Bablu Garment Women's Red Rayon Embroidered Printed Anarkali Dress,₹506,4.1,3427 Reviews,BABLU GARMENTS,"4.115,850 Ratings",633Followers,27Products
Umbrella Kurti New,₹459,4.2,186 Reviews,Sabhyata Creation,"4.03,464 Ratings",117Followers,30Products
Rayon Printed Gown,₹303,3.8,155 Reviews,Pari Fashion,"3.920,407 Ratings",293Followers,76Products
Women's Crepe straight Kurti 3xl 4xl,₹186,3.9,195 Reviews,kalpesh,"3.831,082 Ratings","1,057Followers",82Products
blue pom pom4LLLLL,₹312,4.0,448 Reviews,MAVER ENTERPRISES,"4.019,170 Ratings",248Followers,28Products
Chikankari,₹248,3.5,69 Reviews,Indian Chikan Factory,"3.58,199 Ratings",556Followers,270Products
women khadi cotton kurti,₹294,3.9,91 Reviews,Bhagayshree,"4.05,441 Ratings",149Followers,14Products
ARZU EMB.KURTIS,₹312,4.1,728 Reviews,ARZU,"4.119,619 Ratings","1,254Followers",16Products
Women Fashion Cotton Flared Straight Kurti | Women Fashion Cotton Flared Straight Kurti,₹563,3.8,2319 Reviews,ROYAL STYLE,"3.820,157 Ratings",709Followers,71Products
Jivika Superior Kurtis,₹216,3.8,31 Reviews,HAB FASHION,3.8153 Ratings,5Followers,4Products
Anarkali,₹295,3.8,253 Reviews,MA SYLA GARMENTS,"3.8100,832 Ratings","2,388Followers",7Products
JAIPURI RAYON ANARKALI KURTI,₹392,4.0,96 Reviews,F.K.FASHION,"3.72,545 Ratings",84Followers,28Products
Aagyeyi Alluring Kurtis,₹322,4.0,460 Reviews,Krish KC,"4.06,845 Ratings",125Followers,19Products
Kurti,₹233,3.8,60 Reviews,GEETAJI FASHION,"3.89,532 Ratings",108Followers,9Products
JD PRINTED ANARKALI KURTA,₹421,3.9,128 Reviews,rk_textile,"3.89,263 Ratings",239Followers,"1,916Products"
Women Solid Short Panjabi Red Kurtis,₹184,3.7,17 Reviews,BEND THE TRENDS,"3.96,314 Ratings",136Followers,20Products
Stylish Women's Crepe MultiColor Digital Printed Straight Kurti,₹297,4.0,53 Reviews,Saanchi fashion,"3.858,604 Ratings","1,182Followers","7,756Products"
Myra Ensemble Kurtis With Koti,₹199,3.9,68 Reviews,Social style,"3.93,258 Ratings",124Followers,76Products
Abhisarika Superior Kurtis,₹629,3.8,115 Reviews,MD FASHION HUB,"3.77,310 Ratings",161Followers,34Products
Charvi Sensational Kurtis,₹448,3.6,395 Reviews,Zeenat Chikankari Lucknow,"3.643,108 Ratings",773Followers,126Products
Kashvi Graceful Kurtis,₹515,3.6,3523 Reviews,Rusda chikan factory,"3.541,952 Ratings",604Followers,87Products
Aagyeyi Voguish Kurtis Straight  for Girl's & Women's,₹196,3.8,903 Reviews,cllothing,"3.89,233 Ratings",109Followers,20Products
KURTIS,₹297,4.1,1440 Reviews,SUBHLAXMI FASHION,"4.125,381 Ratings",503Followers,33Products
Womens anarkali printed & Embroidery kurtis,₹338,4.0,85 Reviews,DD TEXTILE,"4.01,897 Ratings",43Followers,20Products
Women Kurtis,₹347,3.9,55 Reviews,MADHAVCREATION,"3.91,633 Ratings",28Followers,24Products
New Ethnic 4 You Women's Crepe Straight Kurti,₹172,3.7,403 Reviews,Crepe wali Kurtis,"3.81,017,049 Ratings","12,895Followers",631Products
Staright Sleeveless Kurta for Women (Blue),₹260,4.1,145 Reviews,MS Textiles,"4.11,106 Ratings",24Followers,9Products
GOLD PRINT kurti,₹292,3.9,170 Reviews,BELLA CREATIONS,"3.93,264 Ratings","2,340Followers",32Products
Chikankari kurti,₹476,3.8,354 Reviews,GOLDEN ENTERPRISES,"3.75,837 Ratings",168Followers,88Products
Adrika Sensational Kurtis,₹283,3.9,1965 Reviews,KRIPRARECHI,"3.830,095 Ratings","1,566Followers",12Products
Women's Embroiered Rayon Anarkali kurtin,₹329,4.0,66 Reviews,BAIRAJ,"4.043,071 Ratings","1,115Followers",44Products
Women Kurtis,₹302,3.8,147 Reviews,SIDDHARTH ENTERPRISE,"3.9164,084 Ratings","1,103Followers",168Products
Crep Fabric Fancy A-Line  Digital printed Kurti for Women,₹186,3.9,61 Reviews,RVK FEXTY,"3.71,615 Ratings",95Followers,83Products
Banita Drishya Kurtis,₹610,3.7,2075 Reviews,Laxminarayan Sree,"3.737,173 Ratings",860Followers,367Products
Rayon Anarkali Kurta with Jacket,₹348,3.8,295 Reviews,NAMA FEBRICS#,"3.910,210 Ratings",156Followers,68Products
Trendy Women 3 Piece Combo Printed Kurti,₹438,3.9,130 Reviews,Mahaveer Industries,"3.844,076 Ratings",607Followers,670Products
Women's Regular Fit Crepe Aline Kurti,₹172,3.7,1577 Reviews,Crepe wali Kurtis,"3.81,017,049 Ratings","12,895Followers",631Products
Trendy Petite Kurtis,₹363,3.9,249 Reviews,Mani exports,"4.0134,881 Ratings","3,811Followers",55Products
Varsha Fab Rayon Bandhani Round Neck Embroidery Work On Neck Kurta For Woman | Work- Embroidery Work On Neck | Sleeves - 3/4 Sleeves | Length- 40-44,₹362,4.1,144 Reviews,VARSHA FAB,"4.011,715 Ratings",479Followers,102Products
Women's Aline Multicolor Crepe Straight Kurta (Combo Pack Of 4 Kurti),₹521,4.0,130 Reviews,New Ethnic 4 You,"3.8249,346 Ratings","3,517Followers",457Products
Ok Quest Red Rayon Embroidered Long kurti for women,₹363,4.1,152 Reviews,KALINDI FASHION,"3.95,355 Ratings",258Followers,35Products
Myra Fabulous Kurtis,₹312,4.1,587 Reviews,MAMTATEXTILES,"4.112,641 Ratings",195Followers,32Products
Women's Digital Printed Full Stitched Straight Cut Kurti,₹179,3.7,1896 Reviews,Crepe wali Kurtis,"3.81,017,049 Ratings","12,895Followers",631Products
Women's Aline Straight Crepe Kurta (Combo Pack Of 2 Kurti),₹295,3.9,118 Reviews,New Ethnic 4 You,"3.8249,346 Ratings","3,517Followers",457Products
Women's Crepe A-Line Printed  Gorgeous Stitched Kurtis (Pack of 2 Kurtis),₹295,3.8,1423 Reviews,Crepe wali Kurtis,"3.81,017,049 Ratings","12,895Followers",631Products
Women Anarkali Jaipur kurti,₹322,3.9,3561 Reviews,Anvi Textile,"3.932,963 Ratings","1,095Followers",67Products
Pure Cotton Kurti,₹286,3.6,45 Reviews,SHRI HARI OM CREATION,"3.71,057 Ratings",47Followers,13Products
FABRIC BY AMERICAN CREPE WITH RASAL NET 3/4 SLEEVE ROUND NECK BELOW KNEE LENGTH WOMEN AND GIRL KURTIS,₹181,4.0,5 Reviews,CLORTH,3.8482 Ratings,18Followers,24Products
Women Cotton Solid 3/4th Sleeve Round-neck Short Kurta- BLACK,₹300,4.2,30 Reviews,SUDHI KURTIS,"4.01,562 Ratings",51Followers,27Products
REMBO BLACK SHORTS KURTI,₹385,4.0,2143 Reviews,Hempal Creation,"4.017,774 Ratings",355Followers,18Products
Women's  Rayon Anarkali Kurti,₹465,4.1,333 Reviews,ASHA FABRICS,"4.161,823 Ratings","4,314Followers",48Products
Lucknowi chikankari kurti with inner and mirror work,₹591,3.8,111 Reviews,MR CHIKAN INDUSTRY,"3.612,782 Ratings",665Followers,276Products
BLACK YOG RED BIG FLOWER  PRINT FULL SEELVE CREPE GOWN,₹270,3.7,157 Reviews,ethnic_center001,"3.618,956 Ratings",259Followers,58Products
RISHABH NEW KURTIS,₹294,3.9,79 Reviews,RISHABH TEXT,"3.86,233 Ratings",604Followers,195Products
Woman Royal Blue Printed Anarkali Kurti,₹329,3.9,737 Reviews,ASHISH PRINT,"3.820,773 Ratings",302Followers,40Products
Rayon printed straight kurta,₹362,4.1,303 Reviews,Shivam Finishing Works,"3.93,468 Ratings",89Followers,18Products
LC PINK EMB KURTI,₹338,3.8,63 Reviews,LEPSWAL CREATION,"3.81,160 Ratings",15Followers,7Products
Woman Ikkat printed cotton Kurtis,₹257,4.0,74 Reviews,Golden Treders,"3.81,173 Ratings",43Followers,46Products
Adrika Fashionable Kurtis,₹430,3.6,179 Reviews,AKSHAYAN CHIKAN,"3.517,502 Ratings",519Followers,136Products
Adrika Attractive Kurtis,₹230,3.7,NA,Ganesh_Fashion,"3.75,004 Ratings",118Followers,57Products
RAMBO SHORT KURTI,₹357,4.1,27 Reviews,AARVI DESIGNER01,3.9417 Ratings,6Followers,12Products
Women Long Fit & Flare Sttiched Gown(Blue)_GW160,₹246,3.8,981 Reviews,HIVA WESTERN COLLECTION,"3.8203,586 Ratings","2,148Followers",449Products
Cotton kurti,₹219,4.1,243 Reviews,SUNGLOW FASHIONS,"4.01,922 Ratings",59Followers,9Products
Attractive Shrug Kurti,₹579,3.7,176 Reviews,AscentRetail,"3.71,922 Ratings",88Followers,44Products
WOMEN COTTON LERIYU KURTIS,₹191,4.1,3 Reviews,AtoZ Mart4,"4.010,276 Ratings",110Followers,7Products
Kurti,₹339,3.9,166 Reviews,trending kurties,"3.832,605 Ratings","1,374Followers",40Products
Women's Multicolor Daily Use Crepe Straight Kurti (Pack Of 2 Kurta),₹295,3.8,90 Reviews,New Ethnic 4 You,"3.8249,346 Ratings","3,518Followers",457Products
"Casual American Crepe And Rasal Net Pack Of 2 Round-Neck 3/4th Length Sleeves (45""Inches)",₹299,3.8,109 Reviews,CE Dresses0,"3.9272,746 Ratings","2,644Followers","1,288Products"
crepe kurtis,₹140,3.7,NA,Bhavani creation mart,"3.66,154 Ratings",83Followers,29Products
Sleeveless Women Printed  Straight Kurta (wine),₹199,4.0,44 Reviews,SAWAAN KURTIS,4.0583 Ratings,10Followers,20Products
Women's Aline Multi color crepe Anarkali Kurti,₹288,3.9,39 Reviews,Nilkanth enterprises,"3.828,284 Ratings",318Followers,116Products
Women's Regular Fit Straight Crepe Kurti (Combo Pack Of 3),₹412,4.0,259 Reviews,Crepe wali Kurtis,"3.81,017,049 Ratings","12,895Followers",631Products
embroidered anarkali kurta for women,₹515,3.9,148 Reviews,CTM TEXTILES,"3.913,882 Ratings",231Followers,59Products
Plus5 White Straight Kurti,₹225,3.9,172 Reviews,CASH TRENDZ,"4.05,347 Ratings",732Followers,20Products
Trendy Alluring Kurtis,₹648,3.9,388 Reviews,Vanshicreation,"3.83,312 Ratings",134Followers,65Products
Women Printed Cotton Blend Straight Kurti (Purple),₹245,3.6,93 Reviews,Aarvi Fashion Plus,"3.62,195 Ratings",79Followers,308Products
